{"inputUnits":[34],"outputUnits":3,"inputs":{"0":{"dtype":"number","min":107.50507185524077,"max":260.5823708619589},"1":{"dtype":"number","min":51.23474738570039,"max":326.08025766810556},"2":{"dtype":"number","min":111.34739026021401,"max":267.21151412785747},"3":{"dtype":"number","min":45.73521191786236,"max":320.61908908947896},"4":{"dtype":"number","min":98.99772293743919,"max":254.60523437618747},"5":{"dtype":"number","min":44.476394356456716,"max":319.7938121988616},"6":{"dtype":"number","min":122.21800142874514,"max":277.6941012965102},"7":{"dtype":"number","min":51.28234910779426,"max":320.861971250304},"8":{"dtype":"number","min":90.45776319689324,"max":244.66004225437746},"9":{"dtype":"number","min":52.298842374452825,"max":322.3300425013679},"10":{"dtype":"number","min":113.35760806785021,"max":287.35341083214905},"11":{"dtype":"number","min":99.14079361852505,"max":347.9420963984983},"12":{"dtype":"number","min":83.42331419473493,"max":257.3893788853508},"13":{"dtype":"number","min":100.69536854784776,"max":348.00977203725375},"14":{"dtype":"number","min":102.16736789807271,"max":302.2216217397252},"15":{"dtype":"number","min":152.311057005411,"max":393.2421105529548},"16":{"dtype":"number","min":64.72940265343811,"max":255.69212590674016},"17":{"dtype":"number","min":155.167823880563,"max":391.61515172817366},"18":{"dtype":"number","min":100.8016176928806,"max":296.5975717032466},"19":{"dtype":"number","min":132.3007318518969,"max":452.48915664138497},"20":{"dtype":"number","min":29.942187832487235,"max":272.9695403696498},"21":{"dtype":"number","min":137.92993924033317,"max":426.77356289518485},"22":{"dtype":"number","min":105.9915073261187,"max":273.98969859557394},"23":{"dtype":"number","min":226.55279042284778,"max":443.5228494725803},"24":{"dtype":"number","min":95.19564708012086,"max":260.5384241245136},"25":{"dtype":"number","min":231.00025316527845,"max":443.71914114747995},"26":{"dtype":"number","min":99.77488239451606,"max":276.79143455891295},"27":{"dtype":"number","min":337.84971767084147,"max":523.6922507675705},"28":{"dtype":"number","min":93.60242423565936,"max":261.3254123791646},"29":{"dtype":"number","min":337.2856986791707,"max":524.3724854465588},"30":{"dtype":"number","min":96.68966282944734,"max":280.56137761809947},"31":{"dtype":"number","min":413.62283242073505,"max":538.0570928076362},"32":{"dtype":"number","min":94.91938205822896,"max":256.4150167383572},"33":{"dtype":"number","min":405.9032215162938,"max":536.324355544747}},"outputs":{"0":{"dtype":"string","min":0,"max":1,"uniqueValues":["Default","스쿼트","Error"],"legend":{"Default":[1,0,0],"스쿼트":[0,1,0],"Error":[0,0,1]}}},"isNormalized":true}