{"inputUnits":[34],"outputUnits":3,"inputs":{"0":{"dtype":"number","min":119.75504573124391,"max":361.86613684034535},"1":{"dtype":"number","min":68.79611502918289,"max":225.63353090991305},"2":{"dtype":"number","min":127.15755731308042,"max":365.3806969312378},"3":{"dtype":"number","min":56.88056298638132,"max":217.31103658119528},"4":{"dtype":"number","min":115.81383279882053,"max":355.63687501899926},"5":{"dtype":"number","min":55.729670780642024,"max":217.25415134058852},"6":{"dtype":"number","min":144.75738881626947,"max":370.2274098674611},"7":{"dtype":"number","min":60.458946376459146,"max":217.55439728614422},"8":{"dtype":"number","min":120.0169834478356,"max":344.37021503374274},"9":{"dtype":"number","min":62.38488722033074,"max":219.6288929505107},"10":{"dtype":"number","min":161.50302230894334,"max":383.4447377720696},"11":{"dtype":"number","min":116.31146643968872,"max":262.6102912398164},"12":{"dtype":"number","min":125.07391832403636,"max":332.0954057864178},"13":{"dtype":"number","min":109.3180173881323,"max":262.0910402290552},"14":{"dtype":"number","min":133.97539214494165,"max":392.4086553076362},"15":{"dtype":"number","min":128.1419473492218,"max":324.4267848864604},"16":{"dtype":"number","min":124.17014274151873,"max":327.4201156675584},"17":{"dtype":"number","min":139.32273870683366,"max":332.5959282663546},"18":{"dtype":"number","min":51.90276173394942,"max":384.1420181215041},"19":{"dtype":"number","min":122.26313989542801,"max":356.15779416570405},"20":{"dtype":"number","min":56.92630562986382,"max":350.9804331263679},"21":{"dtype":"number","min":100.66473602413667,"max":362.6046745804961},"22":{"dtype":"number","min":148.33684946498056,"max":363.97232091287697},"23":{"dtype":"number","min":228.6112654274076,"max":374.72381568047786},"24":{"dtype":"number","min":104.03819613326849,"max":331.1542788256931},"25":{"dtype":"number","min":234.4799709691148,"max":377.21407665445645},"26":{"dtype":"number","min":182.56810858463035,"max":362.4285513436284},"27":{"dtype":"number","min":285.7163484922179,"max":456.01585299124514},"28":{"dtype":"number","min":140.53387949902725,"max":341.6498890442607},"29":{"dtype":"number","min":299.34790704036965,"max":454.2254638671875},"30":{"dtype":"number","min":183.4826213673395,"max":347.20364201764653},"31":{"dtype":"number","min":387.57298759727627,"max":524.8168394333658},"32":{"dtype":"number","min":106.35504316634243,"max":341.61703550583655},"33":{"dtype":"number","min":392.9228192637403,"max":523.7462162952943}},"outputs":{"0":{"dtype":"string","min":0,"max":1,"uniqueValues":["squat","Default","스쿼트"],"legend":{"squat":[1,0,0],"Default":[0,1,0],"스쿼트":[0,0,1]}}},"isNormalized":true}