{"inputUnits":[34],"outputUnits":2,"inputs":{"0":{"dtype":"number","min":381.7253344346577,"max":434.05057558289764},"1":{"dtype":"number","min":89.5064963255411,"max":149.92177109773985},"2":{"dtype":"number","min":385.74512051237235,"max":440.50592845515985},"3":{"dtype":"number","min":83.37229509761826,"max":140.4691632341318},"4":{"dtype":"number","min":383.83916832593627,"max":437.6222764842705},"5":{"dtype":"number","min":82.45957311489238,"max":140.7023864033621},"6":{"dtype":"number","min":409.9808653597702,"max":455.86982103637223},"7":{"dtype":"number","min":83.39445982461774,"max":138.29231944993313},"8":{"dtype":"number","min":397.4845322189628,"max":457.56799482649865},"9":{"dtype":"number","min":82.86355816436648,"max":139.37990418667923},"10":{"dtype":"number","min":427.9964117502888,"max":464.92625908165127},"11":{"dtype":"number","min":119.88414140990736,"max":169.06949291897192},"12":{"dtype":"number","min":411.85049331605666,"max":476.06148285624585},"13":{"dtype":"number","min":112.98308019972032,"max":170.0247524870045},"14":{"dtype":"number","min":380.74399005578186,"max":463.6090800363266},"15":{"dtype":"number","min":160.78032586361184,"max":196.98967069039549},"16":{"dtype":"number","min":384.6324686132053,"max":430.27610927240397},"17":{"dtype":"number","min":157.98660359957802,"max":196.3759420075769},"18":{"dtype":"number","min":321.5118004468628,"max":467.5235092222459},"19":{"dtype":"number","min":152.0126069658925,"max":255.32610822744408},"20":{"dtype":"number","min":316.38169344297177,"max":411.2227609834782},"21":{"dtype":"number","min":152.67783851475104,"max":250.47345231943092},"22":{"dtype":"number","min":422.849410832624,"max":480.9698759442637},"23":{"dtype":"number","min":240.15288594167987,"max":280.31750081578116},"24":{"dtype":"number","min":413.83806161843387,"max":492.1341274870045},"25":{"dtype":"number","min":238.86761732138547,"max":278.1803383437576},"26":{"dtype":"number","min":411.6918042847155,"max":440.5213580892244},"27":{"dtype":"number","min":320.3394826748028,"max":343.3049456525869},"28":{"dtype":"number","min":413.5389050435463,"max":504.87192948040797},"29":{"dtype":"number","min":319.1363694602877,"max":344.06037801898407},"30":{"dtype":"number","min":439.0408810567299,"max":467.9608332415035},"31":{"dtype":"number","min":415.57205615804355,"max":434.3323291229367},"32":{"dtype":"number","min":433.5908778446658,"max":471.33832760821986},"33":{"dtype":"number","min":413.32054405360833,"max":435.36160005205795}},"outputs":{"0":{"dtype":"string","min":0,"max":1,"uniqueValues":["Default","Squart"],"legend":{"Default":[1,0],"Squart":[0,1]}}},"isNormalized":true}