{"inputUnits":[34],"outputUnits":2,"inputs":{"0":{"dtype":"number","min":87.43280528027725,"max":239.92557510791585},"1":{"dtype":"number","min":102.05231449112354,"max":292.5455991989908},"2":{"dtype":"number","min":95.23217485479807,"max":247.97632548410144},"3":{"dtype":"number","min":90.23989523802287,"max":283.5910502036722},"4":{"dtype":"number","min":75.37626915126458,"max":236.39934661509},"5":{"dtype":"number","min":90.70802206195282,"max":286.4818288602718},"6":{"dtype":"number","min":106.4578130699781,"max":260.60535475437746},"7":{"dtype":"number","min":94.16888249616215,"max":278.77041091622084},"8":{"dtype":"number","min":59.94262434072532,"max":228.6011055675462},"9":{"dtype":"number","min":92.80117572235227,"max":288.5896695504393},"10":{"dtype":"number","min":105.74425367065905,"max":273.6408653407709},"11":{"dtype":"number","min":152.30675984542194,"max":315.3171975696133},"12":{"dtype":"number","min":48.171742005107006,"max":224.2642905387433},"13":{"dtype":"number","min":152.59667446270063,"max":320.4881311557636},"14":{"dtype":"number","min":112.1240851851289,"max":294.43195458794384},"15":{"dtype":"number","min":205.90122279304475,"max":370.88884286843387},"16":{"dtype":"number","min":15.759807423394946,"max":216.1799724890564},"17":{"dtype":"number","min":202.3274904243677,"max":359.6900278529304},"18":{"dtype":"number","min":49.98352573261187,"max":315.35624914503285},"19":{"dtype":"number","min":225.98411304755896,"max":373.66937659593873},"20":{"dtype":"number","min":4.482318328976163,"max":222.0013146307682},"21":{"dtype":"number","min":161.7159495075389,"max":362.765424557697},"22":{"dtype":"number","min":93.97604120751762,"max":267.9813607657466},"23":{"dtype":"number","min":262.119638880867,"max":394.69612756870134},"24":{"dtype":"number","min":44.614501953125,"max":230.95221778483705},"25":{"dtype":"number","min":260.1312531348796,"max":395.52365219175584},"26":{"dtype":"number","min":64.21789895143027,"max":257.6925910920021},"27":{"dtype":"number","min":345.83001067759,"max":469.70362088095817},"28":{"dtype":"number","min":37.749666562803995,"max":238.7760157009971},"29":{"dtype":"number","min":345.45746205845694,"max":479.23293984261005},"30":{"dtype":"number","min":52.6433456955253,"max":255.62165030987808},"31":{"dtype":"number","min":410.4808931462032,"max":526.5909020093628},"32":{"dtype":"number","min":26.526051324629137,"max":240.43942082624028},"33":{"dtype":"number","min":406.89011724449784,"max":527.3829530946011}},"outputs":{"0":{"dtype":"string","min":0,"max":1,"uniqueValues":["Default","스쿼트"],"legend":{"Default":[1,0],"스쿼트":[0,1]}}},"isNormalized":true}