{"inputUnits":[34],"outputUnits":2,"inputs":{"0":{"dtype":"number","min":94.77616775453322,"max":258.32254776416585},"1":{"dtype":"number","min":109.33474719570769,"max":225.97912098925403},"2":{"dtype":"number","min":99.61054013025901,"max":261.8815894219662},"3":{"dtype":"number","min":99.96871200145914,"max":218.98835534715468},"4":{"dtype":"number","min":91.51516165529245,"max":252.69288724312986},"5":{"dtype":"number","min":98.82979242347093,"max":220.35580194970512},"6":{"dtype":"number","min":119.59209136369165,"max":270.80718590406127},"7":{"dtype":"number","min":106.6806241640321,"max":217.6845004901812},"8":{"dtype":"number","min":90.67012801708415,"max":241.94456867856275},"9":{"dtype":"number","min":105.95094673364542,"max":219.49448522426738},"10":{"dtype":"number","min":128.8612205416312,"max":277.9471145808001},"11":{"dtype":"number","min":154.4074635783986,"max":244.6871979116002},"12":{"dtype":"number","min":99.88938007280521,"max":243.0833972975438},"13":{"dtype":"number","min":149.92689840710116,"max":243.8787590056542},"14":{"dtype":"number","min":109.39113418044747,"max":293.13837073656373},"15":{"dtype":"number","min":201.765513854268,"max":290.6506022293744},"16":{"dtype":"number","min":97.69657547650169,"max":247.74897213946986},"17":{"dtype":"number","min":201.41013630076606,"max":287.21964029393774},"18":{"dtype":"number","min":71.84558912937743,"max":299.11274642053746},"19":{"dtype":"number","min":218.9507994892996,"max":332.6096381398954},"20":{"dtype":"number","min":72.08475764530641,"max":256.3145307845179},"21":{"dtype":"number","min":163.93620994953795,"max":333.03212111654915},"22":{"dtype":"number","min":134.25965875410384,"max":265.40543398133514},"23":{"dtype":"number","min":257.5494064152937,"max":344.750089296571},"24":{"dtype":"number","min":111.89682921175827,"max":240.05733599829767},"25":{"dtype":"number","min":258.55579397001156,"max":341.60614987384486},"26":{"dtype":"number","min":131.15798629582625,"max":253.98684258961958},"27":{"dtype":"number","min":329.89936276446986,"max":416.35214957745626},"28":{"dtype":"number","min":122.36803676738813,"max":240.71962206651267},"29":{"dtype":"number","min":331.07947584812746,"max":416.8913263105697},"30":{"dtype":"number","min":136.39155881414155,"max":248.8697695008512},"31":{"dtype":"number","min":397.42549436101655,"max":500.5055344874757},"32":{"dtype":"number","min":130.7374108459235,"max":243.42347568853359},"33":{"dtype":"number","min":398.6187577897009,"max":493.66307073808366}},"outputs":{"0":{"dtype":"string","min":0,"max":1,"uniqueValues":["Default","Squat"],"legend":{"Default":[1,0],"Squat":[0,1]}}},"isNormalized":true}