{"inputUnits":[34],"outputUnits":2,"inputs":{"0":{"dtype":"number","min":87.43280528027725,"max":258.6912357315479},"1":{"dtype":"number","min":102.05231449112354,"max":306.658336119893},"2":{"dtype":"number","min":95.23217485479807,"max":259.7464742103903},"3":{"dtype":"number","min":90.23989523802287,"max":296.59350775930204},"4":{"dtype":"number","min":75.37626915126458,"max":254.0739301985804},"5":{"dtype":"number","min":90.70802206195282,"max":295.7239453504985},"6":{"dtype":"number","min":106.4578130699781,"max":260.60535475437746},"7":{"dtype":"number","min":94.16888249616215,"max":290.71178534244285},"8":{"dtype":"number","min":59.94262434072532,"max":234.00635050614056},"9":{"dtype":"number","min":92.80117572235227,"max":288.5896695504393},"10":{"dtype":"number","min":105.74425367065905,"max":273.6408653407709},"11":{"dtype":"number","min":152.30675984542194,"max":323.7941661790187},"12":{"dtype":"number","min":48.171742005107006,"max":224.2642905387433},"13":{"dtype":"number","min":152.59667446270063,"max":320.4881311557636},"14":{"dtype":"number","min":112.1240851851289,"max":294.43195458794384},"15":{"dtype":"number","min":205.90122279304475,"max":370.88884286843387},"16":{"dtype":"number","min":15.759807423394946,"max":251.26659372530094},"17":{"dtype":"number","min":202.3274904243677,"max":383.50924765738995},"18":{"dtype":"number","min":49.98352573261187,"max":331.4662107475073},"19":{"dtype":"number","min":225.98411304755896,"max":373.66937659593873},"20":{"dtype":"number","min":4.482318328976163,"max":318.1746037999016},"21":{"dtype":"number","min":161.7159495075389,"max":390.69926054839493},"22":{"dtype":"number","min":93.97604120751762,"max":267.9813607657466},"23":{"dtype":"number","min":262.119638880867,"max":402.46289347489056},"24":{"dtype":"number","min":44.614501953125,"max":230.95221778483705},"25":{"dtype":"number","min":260.1312531348796,"max":398.89628678258754},"26":{"dtype":"number","min":64.21789895143027,"max":263.01402336150295},"27":{"dtype":"number","min":345.83001067759,"max":469.70362088095817},"28":{"dtype":"number","min":37.749666562803995,"max":251.97390260214007},"29":{"dtype":"number","min":345.45746205845694,"max":479.23293984261005},"30":{"dtype":"number","min":52.6433456955253,"max":255.62165030987808},"31":{"dtype":"number","min":410.4808931462032,"max":526.5909020093628},"32":{"dtype":"number","min":26.526051324629137,"max":240.43942082624028},"33":{"dtype":"number","min":406.89011724449784,"max":527.3829530946011}},"outputs":{"0":{"dtype":"string","min":0,"max":1,"uniqueValues":["Default","스쿼트"],"legend":{"Default":[1,0],"스쿼트":[0,1]}}},"isNormalized":true}